name,url
google,https://www.google.com
google1,https://www.gle.com
google2,https://www.google.com
google3,https://www.google.com
google4,https://www.google.com
google11,https://www.gle.com
google21,https://www.google.com
google31,https://www.google.com
google41,https://www.google.com
google12,https://www.gle.com
google22,https://www.google.com
google32,https://www.google.com
google42,https://www.google.com
google13,https://www.gle.com
google23,https://www.google.com
google33,https://www.google.com
google43,https://www.google.com
google,https://www.google.com
nw-google1,https://www.gle.com
nw-google2,https://www.google.com
nw-google3,https://www.google.com
nw-google4,https://www.google.com
nw-google11,https://www.gle.com
nw-google21,https://www.google.com
nw-google31,https://www.google.com
nw-google41,https://www.google.com
nw-google12,https://www.gle.com
nw-google22,https://www.google.com
nw-google32,https://www.google.com
nw-google42,https://www.google.com
nw-google13,https://www.gle.com
nw-google23,https://www.google.com
nw-google33,https://www.google.com
nw-google43,https://www.google.com
sw-google1,https://www.gle.com
sw-google2,https://www.google.com
sw-google3,https://www.google.com
sw-google4,https://www.google.com
sw-google11,https://www.gle.com
sw-google21,https://www.google.com
sw-google31,https://www.google.com
sw-google41,https://www.google.com
sw-google12,https://www.gle.com
sw-google22,https://www.google.com
sw-google32,https://www.google.com
sw-google42,https://www.google.com
sw-google13,https://www.gle.com
sw-google23,https://www.google.com
sw-google33,https://www.google.com
sw-google43,https://www.google.com
